TestHidden_001.tif,
TestHidden_002.tif,1
TestHidden_003.tif,
TestHidden_004.png,
TestHidden_005.bmp,1
TestHidden_006.tiff,
TestHidden_007.tif,1
TestHidden_008.tif,1
TestHidden_009.tif,
TestHidden_010.tif,
TestHidden_011.tif,
TestHidden_012.bmp,1
TestHidden_013.tiff,
TestHidden_014.tiff,
TestHidden_015.png,
TestHidden_016.bmp,1
TestHidden_017.png,
TestHidden_018.tif,1
TestHidden_019.tif,
TestHidden_020.tif,1
TestHidden_021.tif,1
TestHidden_022.tif,1
TestHidden_023.bmp,1
TestHidden_024.png,
TestHidden_025.tiff,
TestHidden_026.tif,
TestHidden_027.tif,
TestHidden_028.bmp,1
TestHidden_029.tif,
TestHidden_030.tif,
TestHidden_031.tif,1
TestHidden_032.png,
TestHidden_033.tif,1
TestHidden_034.png,
TestHidden_035.tif,1
TestHidden_036.png,
TestHidden_037.tif,1
TestHidden_038.tif,
TestHidden_039.png,
TestHidden_040.tiff,
TestHidden_041.png,
TestHidden_042.tif,
TestHidden_043.tif,1
TestHidden_044.tif,1
TestHidden_045.png,
TestHidden_046.tif,
TestHidden_047.tif,1
TestHidden_048.png,
TestHidden_049.png,
TestHidden_050.tif,1
TestHidden_051.png,
TestHidden_052.png,
TestHidden_053.tif,
TestHidden_054.tif,
TestHidden_055.tiff,
TestHidden_056.tif,
TestHidden_057.png,
TestHidden_058.tiff,
TestHidden_059.bmp,1
TestHidden_060.tif,
TestHidden_061.tif,
TestHidden_062.tif,1
TestHidden_063.tif,1
TestHidden_064.png,
TestHidden_065.png,
TestHidden_066.tiff,
TestHidden_067.png,
TestHidden_068.png,
TestHidden_069.tif,
TestHidden_070.tif,1
TestHidden_071.tif,
TestHidden_072.tif,
TestHidden_073.tif,
TestHidden_074.tif,
TestHidden_075.tiff,
TestHidden_076.bmp,1
TestHidden_077.png,
TestHidden_078.bmp,1
TestHidden_079.bmp,1
TestHidden_080.tif,
TestHidden_081.png,
TestHidden_082.png,
TestHidden_083.tif,
TestHidden_084.bmp,1
TestHidden_085.tif,1
TestHidden_086.bmp,1
TestHidden_087.png,
TestHidden_088.tif,
TestHidden_089.png,
TestHidden_090.png,
TestHidden_091.png,
TestHidden_092.tif,
TestHidden_093.tif,
TestHidden_094.tif,1
TestHidden_095.png,
TestHidden_096.png,
TestHidden_097.png,
TestHidden_098.tif,1
TestHidden_099.tif,1
TestHidden_100.bmp,
TestHidden_101.png,
TestHidden_102.bmp,1
TestHidden_103.tif,
TestHidden_104.png,
TestHidden_105.tif,
TestHidden_106.tif,
TestHidden_107.png,
TestHidden_108.tif,
TestHidden_109.tiff,
TestHidden_110.tiff,
TestHidden_111.tif,
TestHidden_112.tif,1
TestHidden_113.png,
TestHidden_114.tif,
TestHidden_115.tif,1
TestHidden_116.bmp,1
TestHidden_117.tif,
TestHidden_118.tif,
TestHidden_119.tif,1
TestHidden_120.tif,1
TestHidden_121.png,
TestHidden_122.png,
TestHidden_123.bmp,1
TestHidden_124.tif,
TestHidden_125.tif,
TestHidden_126.tif,
TestHidden_127.bmp,1
TestHidden_128.tif,
TestHidden_129.tif,
TestHidden_130.png,
TestHidden_131.tif,
TestHidden_132.tif,
TestHidden_133.tif,1
TestHidden_134.tif,1
TestHidden_135.tif,
TestHidden_136.tif,
TestHidden_137.tif,
TestHidden_138.tif,
TestHidden_139.png,
TestHidden_140.tif,
TestHidden_141.png,
TestHidden_142.tif,
TestHidden_143.tif,
TestHidden_144.tiff,
TestHidden_145.tif,
TestHidden_146.png,
TestHidden_147.tif,1
TestHidden_148.tif,
TestHidden_149.tif,1
TestHidden_150.png,
TestHidden_151.tif,
TestHidden_152.tiff,
TestHidden_153.png,
TestHidden_154.tif,
TestHidden_155.png,
TestHidden_156.tiff,
TestHidden_157.bmp,1
TestHidden_158.tif,
TestHidden_159.png,
TestHidden_160.tif,
TestHidden_161.tif,1
TestHidden_162.tif,1
TestHidden_163.tif,1
TestHidden_164.tif,1
TestHidden_165.png,
TestHidden_166.tif,
TestHidden_167.tif,
TestHidden_168.tif,1
TestHidden_169.tif,1
TestHidden_170.tif,1
TestHidden_171.tif,
TestHidden_172.tif,
TestHidden_173.tif,
TestHidden_174.png,
TestHidden_175.tif,
TestHidden_176.png,
TestHidden_177.bmp,1
TestHidden_178.tif,
TestHidden_179.png,
TestHidden_180.png,
TestHidden_181.tif,1
TestHidden_182.tif,
TestHidden_183.tif,
TestHidden_184.tif,
TestHidden_185.tif,1
TestHidden_186.bmp,1
TestHidden_187.tif,
TestHidden_188.tif,1
TestHidden_189.bmp,1
TestHidden_190.tif,
TestHidden_191.tif,
TestHidden_192.tif,1
TestHidden_193.tif,1
TestHidden_194.tif,
TestHidden_195.tif,
TestHidden_196.bmp,
TestHidden_197.tif,
TestHidden_198.tif,
TestHidden_199.png,
TestHidden_200.tif,
TestHidden_201.tif,1
TestHidden_202.tif,
TestHidden_203.tif,
TestHidden_204.png,
TestHidden_205.png,
TestHidden_206.tif,
TestHidden_207.tif,
TestHidden_208.tif,
TestHidden_209.tiff,
TestHidden_210.tiff,
TestHidden_211.tiff,
TestHidden_212.tif,
TestHidden_213.tif,
TestHidden_214.tif,1
TestHidden_215.tif,1
TestHidden_216.tif,1
TestHidden_217.png,
TestHidden_218.png,
TestHidden_219.tif,
TestHidden_220.tif,
TestHidden_221.png,
TestHidden_222.tif,1
TestHidden_223.tiff,
TestHidden_224.tif,1
TestHidden_225.tif,
TestHidden_226.tif,1
TestHidden_227.png,
TestHidden_228.tif,1
TestHidden_229.tiff,
TestHidden_230.png,
TestHidden_231.png,
TestHidden_232.tif,1
TestHidden_233.png,
TestHidden_234.tif,
TestHidden_235.bmp,1
TestHidden_236.tif,1
TestHidden_237.tif,
TestHidden_238.tif,1
TestHidden_239.tif,1
TestHidden_240.png,
TestHidden_241.tif,1
TestHidden_242.tif,1
TestHidden_243.png,
TestHidden_244.bmp,1
TestHidden_245.tif,
TestHidden_246.tif,
TestHidden_247.tiff,
TestHidden_248.tif,1
TestHidden_249.tiff,
TestHidden_250.tif,
TestHidden_251.tif,
TestHidden_252.tif,
TestHidden_253.tif,
TestHidden_254.tif,1
TestHidden_255.tif,
TestHidden_256.png,
TestHidden_257.tif,1
TestHidden_258.tif,
TestHidden_259.tif,
TestHidden_260.bmp,1
TestHidden_261.tiff,
TestHidden_262.tif,
TestHidden_263.tif,
TestHidden_264.png,
TestHidden_265.tif,
TestHidden_266.tif,
TestHidden_267.tif,
TestHidden_268.tiff,
TestHidden_269.tif,
TestHidden_270.png,
TestHidden_271.bmp,1
TestHidden_272.bmp,1
TestHidden_273.png,
TestHidden_274.tif,
TestHidden_275.png,
TestHidden_276.png,
TestHidden_277.tif,
TestHidden_278.png,
TestHidden_279.tif,1
TestHidden_280.png,
TestHidden_281.tif,1
TestHidden_282.tif,
TestHidden_283.bmp,1
TestHidden_284.png,
TestHidden_285.tif,
TestHidden_286.bmp,1
TestHidden_287.tif,
TestHidden_288.tif,
TestHidden_289.tif,
TestHidden_290.tif,
TestHidden_291.tif,
TestHidden_292.bmp,1
TestHidden_293.tif,
TestHidden_294.tif,1
TestHidden_295.tif,
TestHidden_296.tif,
TestHidden_297.png,
TestHidden_298.tif,
TestHidden_299.png,
TestHidden_300.tif,1
TestHidden_301.png,
TestHidden_302.tif,
TestHidden_303.tif,1
TestHidden_304.tif,
TestHidden_305.tif,
TestHidden_306.tif,1
TestHidden_307.png,
TestHidden_308.tif,
TestHidden_309.tiff,
TestHidden_310.png,
TestHidden_311.png,
TestHidden_312.tif,
TestHidden_313.png,
TestHidden_314.tif,
TestHidden_315.tif,
TestHidden_316.tif,1
TestHidden_317.bmp,1
TestHidden_318.bmp,
TestHidden_319.png,
TestHidden_320.tif,
TestHidden_321.tiff,
TestHidden_322.tif,
TestHidden_323.tif,
TestHidden_324.png,
TestHidden_325.tif,
TestHidden_326.tif,1
TestHidden_327.tiff,
TestHidden_328.tif,1
TestHidden_329.tif,1
TestHidden_330.tif,
TestHidden_331.bmp,1
TestHidden_332.bmp,1
TestHidden_333.png,
TestHidden_334.tif,
TestHidden_335.bmp,1
TestHidden_336.tif,1
TestHidden_337.tif,
TestHidden_338.tif,
TestHidden_339.bmp,1
TestHidden_340.tif,
TestHidden_341.tif,1
TestHidden_342.bmp,1
TestHidden_343.png,
TestHidden_344.tif,
TestHidden_345.png,
TestHidden_346.tif,
TestHidden_347.bmp,1
TestHidden_348.bmp,1
TestHidden_349.bmp,1
TestHidden_350.tif,
TestHidden_351.png,
TestHidden_352.tiff,
TestHidden_353.tif,1
TestHidden_354.tif,
TestHidden_355.tif,
TestHidden_356.tif,1
TestHidden_357.bmp,1
TestHidden_358.tif,
TestHidden_359.tif,
TestHidden_360.tif,
TestHidden_361.tif,1
TestHidden_362.bmp,1
TestHidden_363.tif,
TestHidden_364.png,
TestHidden_365.tif,1
TestHidden_366.tif,
TestHidden_367.tif,
TestHidden_368.tif,
TestHidden_369.png,
TestHidden_370.png,
TestHidden_371.png,
TestHidden_372.tif,
TestHidden_373.tif,1
TestHidden_374.tif,
TestHidden_375.tif,
TestHidden_376.tif,
TestHidden_377.bmp,1
TestHidden_378.tif,
TestHidden_379.tif,
TestHidden_380.bmp,1
TestHidden_381.tif,1
TestHidden_382.png,
TestHidden_383.png,
TestHidden_384.tiff,
TestHidden_385.png,
TestHidden_386.tif,1
TestHidden_387.png,
TestHidden_388.tif,1
TestHidden_389.bmp,1
TestHidden_390.png,
TestHidden_391.tif,
TestHidden_392.png,
TestHidden_393.tif,
TestHidden_394.tif,1
TestHidden_395.tif,
TestHidden_396.bmp,1
TestHidden_397.tif,
TestHidden_398.tif,1
TestHidden_399.tif,
TestHidden_400.tiff,