cell_00001.png,1
cell_00002.png,1
cell_00003.png,1
cell_00004.png,1
cell_00005.png,1
cell_00006.png,1
cell_00007.png,1
cell_00008.png,1
cell_00009.png,1
cell_00010.png,1
cell_00011.png,1
cell_00012.png,1
cell_00013.png,
cell_00014.png,
cell_00015.png,1
cell_00016.png,1
cell_00017.png,1
cell_00018.png,1
cell_00019.png,1
cell_00020.png,1
cell_00021.png,1
cell_00022.png,1
cell_00023.png,1
cell_00024.png,1
cell_00025.png,1
cell_00026.png,1
cell_00027.png,1
cell_00028.png,1
cell_00029.png,1
cell_00030.png,1
cell_00031.png,1
cell_00032.png,1
cell_00033.png,1
cell_00034.png,1
cell_00035.png,1
cell_00036.png,1
cell_00037.png,1
cell_00038.png,1
cell_00039.png,1
cell_00040.png,1
cell_00041.png,1
cell_00042.png,1
cell_00043.png,1
cell_00044.png,1
cell_00045.png,1
cell_00046.png,1
cell_00047.png,1
cell_00048.png,1
cell_00049.png,1
cell_00050.png,1
cell_00051.png,1
cell_00052.png,1
cell_00053.png,1
cell_00054.png,1
cell_00055.png,1
cell_00056.png,1
cell_00057.png,1
cell_00058.png,1
cell_00059.png,1
cell_00060.png,1
cell_00061.png,1
cell_00062.png,1
cell_00063.png,1
cell_00064.png,1
cell_00065.png,1
cell_00066.png,1
cell_00067.png,1
cell_00068.png,1
cell_00069.png,1
cell_00070.png,1
cell_00071.png,1
cell_00072.png,1
cell_00073.png,1
cell_00074.png,1
cell_00075.png,1
cell_00076.png,1
cell_00077.png,1
cell_00078.png,1
cell_00079.png,1
cell_00080.png,1
cell_00081.png,1
cell_00082.png,1
cell_00083.png,1
cell_00084.png,1
cell_00085.png,1
cell_00086.png,1
cell_00087.png,1
cell_00088.png,1
cell_00089.png,1
cell_00090.png,1
cell_00091.png,1
cell_00092.png,1
cell_00093.png,1
cell_00094.png,1
cell_00095.png,1
cell_00096.png,1
cell_00097.png,1
cell_00098.png,1
cell_00099.png,1
cell_00100.png,1
cell_00101.png,1
cell_00102.png,1
cell_00103.png,1
cell_00104.png,1
cell_00105.png,1
cell_00106.png,1
cell_00107.png,1
cell_00108.png,1
cell_00109.png,1
cell_00110.png,1
cell_00111.png,1
cell_00112.png,1
cell_00113.png,1
cell_00114.png,1
cell_00115.png,1
cell_00116.png,1
cell_00117.png,1
cell_00118.png,1
cell_00119.png,1
cell_00120.png,1
cell_00121.png,1
cell_00122.png,1
cell_00123.png,1
cell_00124.png,1
cell_00125.png,1
cell_00126.png,1
cell_00127.png,1
cell_00128.png,1
cell_00129.png,1
cell_00130.png,1
cell_00131.png,1
cell_00132.png,1
cell_00133.png,1
cell_00134.png,1
cell_00135.png,1
cell_00136.png,1
cell_00137.png,1
cell_00138.png,1
cell_00139.png,1
cell_00140.png,1
cell_00141.png,1
cell_00142.png,
cell_00143.png,
cell_00144.png,
cell_00145.png,
cell_00146.png,
cell_00147.png,
cell_00148.png,
cell_00149.png,
cell_00150.png,
cell_00151.png,
cell_00152.png,
cell_00153.png,
cell_00154.png,
cell_00155.png,
cell_00156.png,
cell_00157.png,
cell_00158.png,
cell_00159.png,
cell_00160.png,
cell_00161.png,
cell_00162.png,
cell_00163.png,
cell_00164.png,
cell_00165.png,
cell_00166.png,
cell_00167.png,
cell_00168.png,
cell_00169.png,
cell_00170.png,
cell_00171.png,
cell_00172.png,
cell_00173.png,
cell_00174.png,
cell_00175.png,
cell_00176.png,
cell_00177.png,
cell_00178.png,
cell_00179.png,
cell_00180.png,
cell_00181.png,
cell_00182.png,
cell_00183.png,
cell_00184.png,
cell_00185.png,
cell_00186.png,
cell_00187.png,
cell_00188.png,
cell_00189.png,
cell_00190.png,
cell_00191.png,
cell_00192.png,
cell_00193.png,
cell_00194.png,
cell_00195.png,
cell_00196.png,
cell_00197.png,
cell_00198.png,
cell_00199.png,
cell_00200.png,
cell_00201.png,
cell_00202.png,
cell_00203.png,
cell_00204.png,
cell_00205.png,
cell_00206.png,
cell_00207.png,
cell_00208.png,
cell_00209.png,
cell_00210.png,
cell_00211.png,
cell_00212.png,
cell_00213.png,
cell_00214.png,
cell_00215.png,
cell_00216.png,
cell_00217.png,
cell_00218.png,
cell_00219.png,
cell_00220.png,
cell_00221.png,
cell_00222.png,
cell_00223.png,
cell_00224.png,
cell_00225.png,
cell_00226.png,
cell_00227.png,
cell_00228.png,
cell_00229.png,
cell_00230.png,
cell_00231.png,
cell_00232.png,
cell_00233.png,
cell_00234.png,
cell_00235.png,
cell_00236.png,
cell_00237.png,
cell_00238.png,
cell_00239.png,
cell_00240.png,
cell_00241.png,
cell_00242.png,
cell_00243.png,
cell_00244.png,
cell_00245.png,
cell_00246.png,
cell_00247.png,
cell_00248.png,
cell_00249.png,
cell_00250.png,
cell_00251.png,
cell_00252.png,
cell_00253.png,
cell_00254.png,
cell_00255.png,
cell_00256.png,
cell_00257.png,
cell_00258.png,
cell_00259.png,
cell_00260.png,
cell_00261.png,
cell_00262.png,
cell_00263.png,
cell_00264.png,
cell_00265.png,
cell_00266.png,
cell_00267.png,
cell_00268.png,
cell_00269.png,
cell_00270.png,
cell_00271.png,
cell_00272.png,
cell_00273.png,
cell_00274.png,
cell_00275.png,
cell_00276.png,
cell_00277.png,
cell_00278.png,
cell_00279.png,
cell_00280.png,
cell_00281.png,
cell_00282.png,
cell_00283.png,
cell_00284.png,
cell_00285.png,
cell_00286.png,
cell_00287.png,
cell_00288.png,
cell_00289.png,
cell_00290.png,
cell_00291.png,
cell_00292.png,
cell_00293.png,
cell_00294.png,
cell_00295.png,
cell_00296.png,
cell_00297.png,
cell_00298.png,
cell_00299.png,
cell_00300.png,
cell_00301.png,
cell_00302.png,
cell_00303.png,
cell_00304.png,
cell_00305.png,
cell_00306.png,
cell_00307.png,
cell_00308.png,
cell_00309.png,
cell_00310.png,
cell_00311.png,
cell_00312.png,
cell_00313.png,
cell_00314.png,
cell_00315.png,
cell_00316.png,
cell_00317.png,
cell_00318.png,
cell_00319.png,
cell_00320.png,
cell_00321.png,
cell_00322.png,
cell_00323.png,
cell_00324.png,
cell_00325.png,
cell_00326.png,
cell_00327.png,
cell_00328.png,
cell_00329.png,
cell_00330.png,
cell_00331.png,
cell_00332.png,
cell_00333.png,
cell_00334.png,
cell_00335.png,
cell_00336.png,
cell_00337.png,
cell_00338.png,
cell_00339.png,
cell_00340.png,
cell_00341.png,
cell_00342.png,
cell_00343.png,
cell_00344.png,
cell_00345.png,
cell_00346.png,
cell_00347.png,
cell_00348.png,
cell_00349.png,
cell_00350.png,
cell_00351.png,
cell_00352.png,
cell_00353.png,
cell_00354.png,
cell_00355.png,
cell_00356.png,
cell_00357.png,
cell_00358.png,
cell_00359.png,
cell_00360.png,
cell_00361.png,
cell_00362.png,
cell_00363.png,
cell_00364.png,
cell_00365.png,
cell_00366.png,
cell_00367.png,
cell_00368.png,
cell_00369.png,
cell_00370.png,
cell_00371.png,
cell_00372.png,
cell_00373.png,
cell_00374.png,
cell_00375.png,
cell_00376.png,
cell_00377.png,
cell_00378.png,
cell_00379.png,
cell_00380.png,
cell_00381.png,
cell_00382.png,
cell_00383.png,
cell_00384.png,
cell_00385.png,
cell_00386.png,
cell_00387.png,
cell_00388.png,
cell_00389.png,
cell_00390.png,
cell_00391.png,
cell_00392.png,
cell_00393.png,
cell_00394.png,
cell_00395.png,
cell_00396.png,
cell_00397.png,
cell_00398.png,
cell_00399.png,
cell_00400.png,
cell_00401.png,
cell_00402.png,
cell_00403.png,
cell_00404.png,
cell_00405.png,
cell_00406.png,
cell_00407.png,
cell_00408.png,
cell_00409.png,
cell_00410.png,
cell_00411.png,
cell_00412.png,
cell_00413.png,
cell_00414.png,
cell_00415.png,
cell_00416.png,
cell_00417.png,
cell_00418.png,
cell_00419.png,
cell_00420.png,
cell_00421.png,
cell_00422.png,
cell_00423.png,
cell_00424.png,
cell_00425.png,
cell_00426.png,
cell_00427.png,
cell_00428.png,
cell_00429.png,
cell_00430.png,
cell_00431.png,
cell_00432.png,
cell_00433.png,
cell_00434.png,
cell_00435.png,
cell_00436.png,
cell_00437.png,
cell_00438.png,
cell_00439.png,
cell_00440.png,
cell_00441.png,
cell_00442.png,
cell_00443.png,
cell_00444.png,
cell_00445.png,
cell_00446.png,
cell_00447.png,
cell_00448.png,
cell_00449.png,
cell_00450.png,
cell_00451.png,
cell_00452.png,
cell_00453.png,
cell_00454.png,
cell_00455.png,
cell_00456.png,
cell_00457.png,
cell_00458.png,
cell_00459.png,
cell_00460.png,
cell_00461.png,
cell_00462.png,
cell_00463.png,
cell_00464.png,
cell_00465.png,
cell_00466.png,
cell_00467.png,
cell_00468.png,
cell_00469.png,
cell_00470.png,
cell_00471.png,
cell_00472.png,
cell_00473.png,
cell_00474.png,
cell_00475.png,
cell_00476.png,
cell_00477.png,
cell_00478.png,
cell_00479.png,
cell_00480.png,
cell_00481.png,
cell_00482.png,
cell_00483.png,
cell_00484.png,
cell_00485.png,
cell_00486.png,
cell_00487.png,
cell_00488.png,
cell_00489.png,
cell_00490.png,
cell_00491.png,
cell_00492.png,
cell_00493.png,
cell_00494.png,
cell_00495.png,
cell_00496.png,
cell_00497.png,
cell_00498.png,
cell_00499.png,
cell_00500.png,
cell_00501.png,
cell_00502.png,
cell_00503.png,
cell_00504.png,
cell_00505.png,
cell_00506.png,
cell_00507.png,
cell_00508.png,
cell_00509.png,
cell_00510.png,
cell_00511.png,
cell_00512.png,
cell_00513.png,
cell_00514.png,
cell_00515.png,
cell_00516.png,
cell_00517.png,
cell_00518.png,
cell_00519.png,
cell_00520.png,
cell_00521.png,
cell_00522.png,
cell_00523.png,
cell_00524.png,
cell_00525.png,
cell_00526.png,
cell_00527.png,
cell_00528.png,
cell_00529.png,
cell_00530.png,
cell_00531.png,
cell_00532.png,
cell_00533.png,
cell_00534.png,
cell_00535.png,
cell_00536.png,
cell_00537.png,
cell_00538.png,
cell_00539.png,
cell_00540.png,
cell_00541.png,
cell_00542.png,
cell_00543.png,
cell_00544.png,
cell_00545.png,
cell_00546.png,
cell_00547.png,
cell_00548.png,
cell_00549.png,
cell_00550.png,
cell_00551.png,
cell_00552.png,
cell_00553.png,
cell_00554.png,
cell_00555.png,
cell_00556.png,
cell_00557.png,
cell_00558.png,
cell_00559.png,
cell_00560.png,
cell_00561.png,
cell_00562.png,
cell_00563.png,
cell_00564.png,
cell_00565.png,
cell_00566.png,
cell_00567.png,
cell_00568.png,
cell_00569.png,
cell_00570.png,
cell_00571.png,
cell_00572.png,
cell_00573.png,
cell_00574.png,
cell_00575.png,
cell_00576.png,
cell_00577.png,
cell_00578.png,
cell_00579.png,
cell_00580.png,
cell_00581.png,
cell_00582.png,
cell_00583.png,
cell_00584.png,
cell_00585.png,
cell_00586.png,
cell_00587.png,
cell_00588.png,
cell_00589.png,
cell_00590.png,
cell_00591.png,
cell_00592.png,
cell_00593.png,
cell_00594.png,
cell_00595.png,
cell_00596.png,
cell_00597.png,
cell_00598.png,
cell_00599.png,
cell_00600.png,
cell_00601.png,
cell_00602.png,
cell_00603.png,
cell_00604.png,
cell_00605.png,
cell_00606.png,
cell_00607.png,
cell_00608.png,
cell_00609.png,
cell_00610.png,
cell_00611.png,
cell_00612.png,
cell_00613.png,
cell_00614.png,
cell_00615.png,
cell_00616.png,
cell_00617.png,
cell_00618.png,
cell_00619.png,
cell_00620.png,
cell_00621.png,
cell_00622.png,
cell_00623.png,
cell_00624.png,
cell_00625.png,
cell_00626.png,
cell_00627.png,
cell_00628.png,
cell_00629.png,
cell_00630.png,
cell_00631.png,
cell_00632.png,
cell_00633.png,
cell_00634.png,
cell_00635.png,
cell_00636.png,
cell_00637.png,
cell_00638.png,
cell_00639.png,
cell_00640.png,
cell_00641.png,
cell_00642.png,
cell_00643.png,
cell_00644.png,
cell_00645.png,
cell_00646.png,
cell_00647.png,
cell_00648.png,
cell_00649.png,
cell_00650.png,
cell_00651.png,
cell_00652.png,
cell_00653.png,
cell_00654.png,
cell_00655.png,
cell_00656.png,
cell_00657.png,
cell_00658.png,
cell_00659.png,
cell_00660.png,
cell_00661.png,
cell_00662.png,
cell_00663.png,
cell_00664.png,
cell_00665.png,
cell_00666.png,
cell_00667.png,
cell_00668.png,
cell_00669.png,
cell_00670.png,
cell_00671.png,
cell_00672.png,
cell_00673.png,
cell_00674.png,
cell_00675.png,
cell_00676.png,
cell_00677.png,
cell_00678.png,
cell_00679.png,
cell_00680.png,
cell_00681.png,
cell_00682.png,
cell_00683.png,
cell_00684.png,
cell_00685.png,
cell_00686.png,
cell_00687.png,
cell_00688.png,
cell_00689.png,
cell_00690.png,
cell_00691.png,
cell_00692.png,
cell_00693.png,
cell_00694.png,
cell_00695.png,
cell_00696.png,
cell_00697.png,
cell_00698.png,
cell_00699.png,
cell_00700.png,
cell_00701.png,
cell_00702.png,
cell_00703.png,
cell_00704.png,
cell_00705.png,
cell_00706.png,
cell_00707.png,
cell_00708.png,
cell_00709.png,
cell_00710.png,
cell_00711.png,
cell_00712.png,
cell_00713.png,
cell_00714.png,
cell_00715.png,
cell_00716.png,
cell_00717.png,
cell_00718.png,
cell_00719.png,
cell_00720.png,
cell_00721.png,
cell_00722.png,
cell_00723.png,
cell_00724.png,
cell_00725.png,
cell_00726.png,
cell_00727.png,
cell_00728.png,
cell_00729.png,
cell_00730.png,
cell_00731.png,
cell_00732.png,
cell_00733.png,
cell_00734.png,
cell_00735.png,
cell_00736.png,
cell_00737.png,
cell_00738.png,
cell_00739.png,
cell_00740.png,
cell_00741.png,
cell_00742.png,
cell_00743.png,
cell_00744.png,
cell_00745.png,
cell_00746.png,
cell_00747.png,
cell_00748.png,
cell_00749.png,
cell_00750.png,
cell_00751.png,
cell_00752.png,
cell_00753.png,
cell_00754.png,
cell_00755.png,
cell_00756.png,
cell_00757.png,
cell_00758.png,
cell_00759.png,
cell_00760.png,
cell_00761.png,
cell_00762.png,
cell_00763.png,
cell_00764.png,
cell_00765.png,
cell_00766.png,
cell_00767.png,
cell_00768.png,
cell_00769.png,
cell_00770.png,
cell_00771.png,
cell_00772.png,
cell_00773.png,
cell_00774.png,
cell_00775.png,
cell_00776.png,
cell_00777.png,
cell_00778.png,
cell_00779.png,
cell_00780.png,
cell_00781.png,
cell_00782.png,
cell_00783.png,
cell_00784.png,
cell_00785.png,
cell_00786.png,
cell_00787.png,
cell_00788.png,
cell_00789.png,
cell_00790.png,
cell_00791.png,
cell_00792.png,
cell_00793.png,
cell_00794.png,
cell_00795.png,
cell_00796.png,
cell_00797.png,
cell_00798.png,
cell_00799.png,
cell_00800.png,
cell_00801.png,
cell_00802.png,
cell_00803.png,
cell_00804.png,
cell_00805.png,
cell_00806.png,
cell_00807.png,
cell_00808.png,
cell_00809.png,
cell_00810.png,
cell_00811.png,
cell_00812.png,
cell_00813.png,
cell_00814.png,
cell_00815.png,
cell_00816.png,
cell_00817.png,
cell_00818.png,
cell_00819.png,
cell_00820.png,
cell_00821.png,
cell_00822.png,
cell_00823.png,
cell_00824.png,
cell_00825.png,
cell_00826.png,
cell_00827.png,
cell_00828.png,
cell_00829.png,
cell_00830.png,
cell_00831.png,
cell_00832.png,
cell_00833.png,
cell_00834.png,
cell_00835.png,
cell_00836.png,
cell_00837.png,
cell_00838.png,
cell_00839.png,
cell_00840.png,
cell_00841.png,
cell_00842.png,
cell_00843.png,
cell_00844.png,
cell_00845.png,
cell_00846.png,
cell_00847.png,
cell_00848.png,
cell_00849.png,
cell_00850.png,
cell_00851.png,
cell_00852.png,
cell_00853.png,
cell_00854.png,
cell_00855.png,
cell_00856.png,
cell_00857.png,
cell_00858.png,
cell_00859.png,
cell_00860.png,
cell_00861.png,
cell_00862.png,
cell_00863.png,
cell_00864.png,
cell_00865.png,
cell_00866.png,
cell_00867.png,
cell_00868.png,
cell_00869.png,
cell_00870.png,
cell_00871.png,
cell_00872.png,
cell_00873.png,
cell_00874.png,
cell_00875.png,
cell_00876.png,
cell_00877.png,
cell_00878.png,
cell_00879.png,
cell_00880.png,
cell_00881.png,
cell_00882.png,
cell_00883.png,
cell_00884.png,
cell_00885.png,
cell_00886.png,
cell_00887.png,
cell_00888.png,
cell_00889.png,
cell_00890.png,
cell_00891.png,
cell_00892.png,
cell_00893.png,
cell_00894.png,
cell_00895.png,
cell_00896.png,
cell_00897.png,
cell_00898.png,
cell_00899.png,
cell_00900.png,
cell_00901.png,
cell_00902.png,
cell_00903.png,
cell_00904.png,
cell_00905.png,
cell_00906.png,
cell_00907.png,
cell_00908.png,
cell_00909.png,
cell_00910.png,
cell_00911.png,
cell_00912.png,
cell_00913.png,
cell_00914.png,
cell_00915.png,
cell_00916.png,
cell_00917.png,
cell_00918.png,
cell_00919.png,
cell_00920.png,
cell_00921.png,
cell_00922.png,
cell_00923.png,
cell_00924.png,
cell_00925.png,
cell_00926.png,
cell_00927.png,
cell_00928.png,
cell_00929.png,
cell_00930.png,
cell_00931.png,
cell_00932.png,
cell_00933.png,
cell_00934.png,
cell_00935.png,
cell_00936.png,
cell_00937.png,
cell_00938.png,
cell_00939.png,
cell_00940.png,
cell_00941.png,
cell_00942.png,
cell_00943.png,
cell_00944.png,
cell_00945.png,
cell_00946.png,
cell_00947.png,
cell_00948.png,
cell_00949.png,
cell_00950.png,
cell_00951.png,
cell_00952.png,
cell_00953.png,
cell_00954.png,
cell_00955.png,
cell_00956.png,
cell_00957.png,
cell_00958.png,
cell_00959.png,
cell_00960.png,
cell_00961.png,
cell_00962.png,
cell_00963.png,
cell_00964.png,
cell_00965.png,
cell_00966.png,
cell_00967.png,
cell_00968.png,
cell_00969.png,
cell_00970.png,
cell_00971.png,
cell_00972.png,
cell_00973.png,
cell_00974.png,
cell_00975.png,
cell_00976.png,
cell_00977.png,
cell_00978.png,
cell_00979.png,
cell_00980.png,
cell_00981.png,
cell_00982.png,
cell_00983.png,
cell_00984.png,
cell_00985.png,
cell_00986.png,
cell_00987.png,
cell_00988.png,
cell_00989.png,
cell_00990.png,
cell_00991.png,
cell_00992.png,
cell_00993.png,
cell_00994.png,
cell_00995.png,
cell_00996.png,
cell_00997.png,
cell_00998.png,
cell_00999.png,
cell_01000.png,